,IPs: 
0,162.216.17.113
1,123.204.182.225
2,65.182.92.235
3,112.171.39.240
4,170.130.187.18
5,162.215.222.200
6,66.240.236.109
7,179.228.51.138
8,192.241.219.60
9,104.33.41.28
10,141.98.11.92
11,125.228.19.117
12,198.235.24.14
13,220.74.55.232
14,162.142.125.211
15,109.173.64.83
16,59.27.98.103
17,143.198.136.88
18,170.238.80.50
19,185.173.35.53
20,183.107.45.127
21,92.255.85.70
22,198.235.24.155
23,112.186.242.154
24,3.236.24.203
25,1.245.61.144
26,70.234.2.76
27,167.248.133.45
28,204.13.46.4
29,157.143.26.55
30,167.94.138.119
31,166.141.152.197
32,121.154.34.24
33,20.235.5.236
34,141.255.162.226
35,207.150.200.13
36,115.74.199.93
37,167.248.133.60
38,124.57.151.219
39,43.153.10.221
40,5.228.131.110
41,183.82.107.151
42,178.32.197.81
43,109.145.132.236
44,64.62.197.77
45,59.26.145.206
46,205.210.31.142
47,104.152.52.242
48,95.180.215.191
49,73.177.23.221
50,192.241.219.177
51,34.135.49.248
52,141.154.74.145
53,113.5.234.18
54,64.62.197.17
55,205.210.31.146
56,3.236.26.193
57,8.214.87.1
58,165.227.227.62
59,167.94.146.59
60,58.72.18.130
61,203.165.88.169
62,99.67.166.95
63,188.166.86.197
64,167.248.133.47
65,167.248.133.120
66,107.189.30.232
67,161.35.231.174
68,176.15.139.252
69,59.30.229.42
70,210.123.244.136
71,111.33.65.38
72,92.205.165.95
73,60.217.75.70
74,75.72.187.36
75,192.241.215.252
76,189.108.111.134
77,192.241.214.189
78,221.158.124.89
79,159.223.100.68
80,88.88.97.30
81,27.9.7.16
82,221.185.76.103
83,121.154.38.73
84,167.94.145.58
85,177.147.119.80
86,111.122.172.157
87,198.235.24.27
88,104.218.164.12
89,192.241.220.153
90,193.3.19.178
91,49.167.15.161
92,94.102.61.20
93,114.35.156.170
94,220.132.61.25
95,59.126.162.87
96,205.210.31.8
97,45.83.66.202
98,222.114.154.132
99,221.158.28.35
100,175.192.96.215
101,180.18.197.242
102,192.241.219.117
103,109.173.185.194
104,205.210.31.143
105,183.107.47.119
106,84.62.155.39
107,101.80.172.197
108,50.74.5.146
109,75.189.224.236
110,50.86.46.182
111,183.107.25.16
112,192.241.216.50
113,147.182.160.15
114,64.62.197.107
115,45.61.186.169
116,138.68.8.81
117,61.216.168.147
118,162.142.125.222
119,200.148.249.126
120,162.142.125.219
121,178.79.177.104
122,207.229.167.36
123,213.109.26.106
124,205.210.31.19
125,64.62.197.152
126,87.236.176.174
127,76.186.2.53
128,208.58.254.233
129,87.236.176.185
130,45.61.187.160
131,95.111.253.141
132,119.203.239.92
133,179.43.156.143
134,205.210.31.155
135,192.241.221.224
136,64.62.197.182
137,113.203.237.139
138,34.133.139.36
139,185.100.86.74
140,96.40.163.109
141,118.34.195.78
142,179.43.156.144
143,198.235.24.134
144,211.32.151.240
145,47.202.124.178
146,198.235.24.57
147,154.89.5.74
148,192.241.219.164
149,180.20.81.230
150,92.205.106.158
151,58.153.179.149
152,31.208.235.233
153,167.94.138.47
154,205.210.31.172
155,69.47.73.40
156,211.54.201.51
157,64.62.197.227
158,220.111.163.229
159,49.241.51.215
160,193.118.53.138
161,34.105.136.6
162,134.209.151.98
163,114.33.21.30
164,192.241.209.99
165,124.154.86.134
166,82.37.164.234
167,210.97.53.178
168,35.203.187.200
169,122.117.227.188
170,35.189.83.17
171,85.208.48.140
172,61.177.173.12
173,159.223.164.107
174,159.223.172.195
175,192.241.223.12
176,92.255.85.69
177,70.44.38.158
178,192.241.237.67
179,205.210.31.165
180,220.246.250.201
181,192.241.237.133
182,178.73.215.171
183,43.228.180.180
184,60.19.213.22
185,192.241.219.20
186,35.234.122.77
187,122.117.144.157
188,80.76.51.230
189,74.201.31.250
190,220.135.177.191
191,205.210.31.5
192,114.33.96.54
193,162.142.125.212
194,143.110.236.239
195,205.210.31.11
196,152.32.157.116
197,2.24.76.103
198,37.116.206.113
199,76.71.181.145
200,157.245.242.57
201,82.223.70.247
202,185.100.87.133
203,41.86.17.229
204,152.32.255.215
205,8.213.25.212
206,211.107.213.219
207,45.61.184.204
208,128.116.130.101
209,162.142.125.9
210,125.168.251.25
211,58.246.4.12
212,205.210.31.12
213,178.128.247.38
214,69.40.59.195
215,80.68.125.160
216,185.220.102.240
217,59.27.20.202
218,183.136.225.42
219,143.198.11.227
220,35.193.120.198
221,192.241.204.28
222,205.210.31.30
223,220.134.69.71
224,177.248.204.36
225,60.149.41.1
226,39.120.132.14
227,59.173.241.166
228,34.105.138.250
229,121.18.89.174
230,1.52.27.196
231,162.247.74.201
232,34.159.189.238
233,211.105.209.169
234,161.35.131.133
235,35.246.75.60
236,104.208.84.110
237,222.120.180.206
238,112.160.69.124
239,192.241.235.246
240,220.123.99.92
241,165.0.47.79
242,183.107.110.58
243,182.61.138.213
244,106.104.124.239
245,51.15.1.101
246,136.52.13.251
247,162.142.125.10
248,190.124.32.18
249,102.152.144.136
250,172.105.89.161
251,193.46.255.41
252,61.177.173.59
253,118.189.192.41
254,54.81.80.250
255,87.236.176.84
256,122.117.47.14
257,175.210.255.29
258,192.241.237.65
259,192.241.222.151
260,112.149.167.111
261,198.235.24.137
262,14.47.57.72
263,162.142.125.213
264,205.210.31.151
265,205.210.31.135
266,159.223.107.133
267,167.94.146.60
268,91.181.59.242
269,121.154.69.21
270,76.83.168.161
271,157.245.9.6
272,192.241.213.188
273,192.241.222.171
274,205.210.31.23
275,78.138.20.238
276,120.48.37.84
277,152.32.154.27
278,146.148.53.251
279,159.65.199.203
280,205.210.31.21
281,34.148.189.56
282,91.191.209.202
283,42.200.227.243
284,193.111.248.44
285,99.39.92.107
286,103.133.106.165
287,141.98.10.63
288,101.255.65.138
289,206.189.89.6
290,192.241.194.134
291,87.96.182.178
292,128.14.232.100
293,64.62.197.167
294,191.194.17.252
295,192.241.209.196
296,205.185.115.33
297,92.255.85.113
298,45.143.200.118
299,45.232.176.4
300,114.92.195.10
301,125.131.142.226
302,152.32.249.159
303,104.199.208.211
304,201.204.206.82
305,192.241.216.102
306,2.236.98.36
307,153.134.65.7
308,172.104.242.173
309,192.241.209.25
310,59.127.48.5
311,162.142.125.220
312,200.54.15.172
313,83.224.139.0
314,193.108.118.79
315,49.193.128.6
316,179.89.9.102
317,34.105.164.163
318,220.78.77.122
319,45.61.186.49
320,122.117.240.70
321,192.241.216.51
322,124.223.32.171
323,95.84.65.195
324,192.241.220.55
325,43.128.225.120
326,45.61.186.249
327,120.234.207.210
328,162.142.125.210
329,207.254.248.36
330,104.206.128.2
331,174.138.61.44
332,23.224.186.79
333,64.62.197.212
334,192.241.221.53
335,211.231.16.108
336,205.210.31.145
337,94.174.148.101
338,100.12.133.226
339,218.92.0.158
340,175.193.249.203
341,34.145.147.213
342,217.42.16.12
343,24.231.18.179
344,62.175.49.112
345,219.128.75.5
346,35.242.175.13
347,88.138.153.178
348,68.183.27.100
349,121.168.197.214
350,177.119.247.34
351,172.104.131.24
352,205.210.31.15
353,220.133.212.51
354,141.105.66.212
355,34.145.161.19
356,94.102.49.190
357,172.105.152.112
358,82.165.111.12
359,209.188.18.35
360,81.159.109.93
